meanR,meanG,meanB,stdR,stdG,stdB,skewR,skewG,skewB,kurtR,kurtG,kurtB,kelas
113.6246413,132.847437,146.9578683,90.41541106,79.17888948,76.9639334,0.494043868,0.217684454,-0.131330082,-1.27188081,-1.095838623,-1.001908725,nike
187.724151,185.6674506,172.3998924,85.03723475,83.91215207,89.75258775,-0.968227173,-0.884313572,-0.415322931,-0.583851649,-0.675584482,-1.502472333,nike
220.5980349,220.5351961,221.03976,63.41205817,63.59191832,63.16045423,-2.460840333,-2.45958762,-2.473693622,4.286121888,4.276847521,4.321265772,nike
161.1520049,161.1870217,162.2569157,108.0102187,107.9258818,106.7240721,-0.306627767,-0.305015332,-0.306515854,-1.873956554,-1.876272463,-1.873198504,nike
114.1096739,108.8171835,99.01739876,54.38309109,46.19981851,62.00022595,-0.06460796,0.543671135,0.745981996,-1.218506635,-0.436785753,-0.941560442,nike
74.57063138,80.11862245,84.22307478,29.38535616,32.99377042,35.76814135,0.259532562,0.306588737,0.227595013,3.035451532,2.552160484,1.712996636,nike
164.5781848,134.5206872,123.0685387,27.18935943,69.58636939,69.05536764,-0.79253069,-0.863982703,-0.786720761,1.885483917,-0.782636234,-0.717127955,nike
209.4547792,210.7142459,218.1704998,72.2584996,69.60196557,55.42742773,-1.682856304,-1.68025391,-1.804626092,1.028230745,1.02460608,1.666804822,nike
223.6066247,223.3402822,223.9261001,63.45278442,63.64257249,63.0001819,-1.786066761,-1.785890628,-1.807073697,1.548020017,1.562560387,1.654778255,nike
75.00169404,41.90443638,35.8971022,84.66910393,57.32718018,56.81646737,0.453750506,1.220217022,1.428906572,-1.488818326,-0.089800541,0.293034088,nike
162.6336894,160.1158123,154.9096381,95.38716706,95.94563384,97.83131587,-0.185011233,-0.133911783,-0.023271178,-1.852222485,-1.863975858,-1.904263476,nike
183.5574577,184.3114238,185.6554129,93.59895787,91.32051695,90.63951174,-0.660799584,-0.664586381,-0.713957465,-1.422526086,-1.359339828,-1.266577473,nike
173.9605588,171.2315051,188.3697983,83.95376818,81.07696287,64.32324664,-0.473367127,-0.27075967,-0.189079412,-1.477079452,-1.568904341,-1.61489635,nike
191.177276,192.0720464,194.4330955,71.43277222,70.69939087,67.98046586,-1.547007969,-1.595177094,-1.66607315,0.708391421,0.887718545,1.14350794,nike
137.6729512,141.0559032,156.0319874,103.8362911,103.5507382,99.86503085,0.067958913,0.010418731,-0.368449204,-1.81704057,-1.814209764,-1.60075404,nike
162.2385403,150.7847975,158.5199896,100.0083425,101.9034501,95.58843567,-0.311363061,-0.027967662,-0.097280431,-1.739038688,-1.890731744,-1.811091868,nike
207.1727519,214.2855349,220.5406967,90.017195,77.24886511,68.90459903,-1.470416595,-1.544483043,-1.826826304,0.257603325,0.583963173,1.774625738,nike
81.37970344,97.04631696,111.6857262,60.93233297,75.02215717,82.77951081,0.810360456,0.40459345,0.303005344,-0.531589514,-1.406714623,-1.559612656,nike
239.8595145,240.465063,242.036352,44.01568578,41.64574599,37.4726914,-3.720613006,-3.708870627,-3.916546355,13.30577562,13.3939105,15.78288688,nike
163.3402822,138.3327687,141.837791,92.13053065,104.6787832,101.8175975,-0.31069938,0.131215867,0.120567171,-1.605254841,-1.874890802,-1.869183687,nike
225.7695512,222.61079,227.7424267,59.10035809,59.47813782,51.94946576,-1.758782903,-1.56200195,-1.878322937,1.387601941,0.845193411,2.558112604,nike
47.04842953,47.46715561,48.58141342,83.59924445,84.36215911,86.16082617,1.429568143,1.425532441,1.410279963,0.277971034,0.258452215,0.196105008,nike
190.7066127,189.1629664,187.5720464,86.87588598,87.59306417,89.33931065,-1.394026906,-1.346685162,-1.282143584,0.090487811,-0.018734886,-0.208200634,nike
202.1077408,171.2507972,174.1219308,71.08958002,94.33675355,91.80056031,-1.581090104,-0.566247991,-0.592619802,1.408369568,-1.452053016,-1.390164645,nike
65.30980947,65.392897,67.54767219,76.99574409,76.7849375,77.08557753,0.733549178,0.726652395,0.733511421,-1.193554106,-1.179816988,-1.132443858,nike
190.5232781,197.3409598,214.5502431,82.46089693,73.1728025,52.95855215,-0.773744921,-0.824436793,-1.395477103,-1.26770625,-1.059538962,1.463356176,nike
14.40724649,7.423369739,64.96797274,36.17084193,22.1784687,43.46276921,4.135673019,4.519966492,1.567696953,18.35492312,23.1720247,3.232514405,nike
147.6664342,147.3903061,148.2628747,107.1304911,107.2281751,107.3882078,-0.193545999,-0.189994684,-0.195196357,-1.882191823,-1.883652715,-1.890165373,nike
228.0730628,228.336934,229.0628787,44.44056806,44.13184761,42.85549769,-2.772823974,-2.810655391,-2.882186299,6.913878328,7.149872357,7.644807601,nike
110.8641183,100.2895209,100.5873724,36.20880608,46.05748966,57.05598568,0.99534398,1.003664517,0.878336584,1.027992208,0.140242675,-0.492779155,nike
196.2844587,193.6554927,201.5129145,91.08941337,92.25474749,81.52242321,-1.049756313,-0.954748241,-1.044197745,-0.780757646,-0.954572226,-0.619068132,nike
139.9277344,145.7705477,142.38636,80.0947544,75.81560581,75.18559069,-0.486934084,-0.598090484,-0.499524969,-1.115271469,-0.840502755,-0.90313396,nike
136.5773677,126.7918128,124.1152543,73.17501201,73.80642586,69.61945699,-0.107460239,0.079844245,0.135184602,-1.272006318,-1.270589532,-1.151259143,nike
107.3399633,88.20226802,81.36720743,38.78313133,48.34572489,53.06063012,0.738307483,0.774137745,0.80347042,0.666339536,-0.163799371,-0.237718496,nike
137.1307797,133.6356425,130.0789621,41.46304365,43.48146469,46.53893587,0.415974116,0.377446791,0.039702375,-1.096148121,-1.032396198,-0.85276039,nike
167.1322146,165.5774075,168.1490354,88.62980697,90.28420565,88.59198817,-0.175932457,-0.178412397,-0.229265796,-1.754035504,-1.752236427,-1.678067406,nike
191.2671596,178.6415816,172.2566167,77.97408124,85.04036503,89.47607918,-1.044295931,-0.721107494,-0.581721637,-0.210068339,-0.936361598,-1.251004469,nike
226.1693838,226.8503069,228.1220902,44.02151114,42.58836726,40.11165461,-2.346921025,-2.386781273,-2.477581552,4.477815146,4.772912014,5.387965092,nike
213.4914302,212.2396165,212.2260045,69.78500493,71.82285959,70.73011681,-1.90681246,-1.845277916,-1.848570603,1.842541226,1.557689778,1.619116693,nike
238.9410874,196.8341637,220.7660834,28.56038356,59.89782087,38.31788088,-2.605461343,-0.413490903,-1.05713565,7.563718213,-1.319867428,0.747058411,nike
229.5163026,229.1663943,229.8708546,63.19180181,62.35737805,61.24687088,-2.351086248,-2.314807894,-2.352952674,3.870932063,3.788710841,3.987011711,nike
181.2158602,167.3181601,166.4301459,95.88315005,104.1990674,104.9845877,-0.694262275,-0.431560897,-0.424372123,-1.376845729,-1.713196784,-1.721386768,nike
94.7115354,84.7676977,84.84604193,63.42398267,46.95663179,39.80947773,0.992928336,1.407809124,1.715941129,-0.474079467,0.888302485,2.267406475,nike
57.55082111,56.08256936,55.61690848,70.90683595,68.92315175,66.91379082,0.705591906,0.708463437,0.710536427,-1.369940317,-1.35284116,-1.338649614,nike
135.7010922,125.6193599,104.0739995,68.85514238,65.72025175,63.18911901,-0.481153521,-0.253363337,0.09343268,-1.092323738,-1.12651523,-1.151800704,nike
216.6626674,216.6720942,217.00853,67.02334454,67.13896324,66.83196396,-2.195732528,-2.199802289,-2.213101404,3.108817788,3.123435781,3.170121618,nike
127.9724968,130.0662867,141.0097457,51.81492019,55.21845558,59.404506,-0.213294683,-0.126892138,-0.136082127,-0.945453229,-1.160892805,-1.31000813,nike
213.3353197,213.3780891,213.8578603,70.17678644,70.04809388,69.6534456,-1.927274456,-1.930067704,-1.956475387,1.923708567,1.942296031,2.042089097,nike
152.1631856,139.2444994,143.0433474,76.43247182,83.22137444,78.11361865,-0.150795121,0.078143051,0.036891151,-1.487439414,-1.524687692,-1.454096234,nike
171.0729034,165.6670121,160.8593949,107.8717078,105.207409,106.5309,-0.590985736,-0.470064345,-0.348086419,-1.575598894,-1.631758798,-1.739230969,nike
170.4938815,170.1559311,171.9743503,109.9385505,110.3856167,108.0064543,-0.566388579,-0.566576371,-0.566415917,-1.637182734,-1.637011367,-1.636560258,nike
177.0213847,176.8081952,178.5831673,75.68011754,78.4203687,78.82845781,-0.868875187,-0.917207726,-0.92089885,-0.580839589,-0.598484641,-0.650444117,nike
220.5281409,221.2824458,222.0188536,64.08836248,63.66826574,62.80578674,-1.914186448,-1.973992326,-2.013568422,2.532214959,2.783193903,2.968189208,nike
47.89263791,64.7698302,78.63566247,66.85997093,66.49406975,75.28975842,1.346037163,0.831785895,0.402213045,0.743301455,-0.088751464,-1.100005562,nike
223.7329002,226.7665218,213.811922,49.82620311,47.21360986,66.16200568,-2.737583203,-3.160003382,-1.901465017,7.064553004,9.541732073,1.978498399,nike
59.407386,39.24206792,41.16061464,77.46923193,54.03489509,56.23170135,1.128919481,1.603304828,1.498278898,-0.056941565,2.17457784,1.638391218,nike
219.1791693,216.7862524,217.4018854,65.37211773,69.68949225,68.48638656,-2.357436934,-2.201991004,-2.204789754,3.801476775,2.984848952,2.989213865,nike
136.2978516,136.2219388,139.264489,102.6021705,103.2784015,102.5504532,0.135896271,0.127434433,0.101359885,-1.878338889,-1.887394045,-1.906739228,nike
241.083805,218.6362604,202.2549625,28.82285599,57.60470661,83.23421613,-4.592553195,-1.251240676,-1.06757278,28.81649227,0.176585774,-0.77071022,nike
194.7952009,190.4206792,191.9977081,95.33851848,101.5631825,100.3683227,-1.05611372,-1.01441644,-1.088458336,-0.75456909,-0.886970687,-0.671872302,nike
222.2726403,214.8871971,218.3627033,59.43932443,62.75324325,60.30187799,-1.516908131,-1.222182165,-1.518315106,0.637761935,-0.036196228,1.103475706,nike
134.7353117,139.7487843,141.7088648,64.72046626,63.93073969,64.11129785,0.180048009,0.345896654,0.391095132,-1.214728238,-1.166709513,-1.175490985,nike
168.7918925,172.648019,162.9092195,82.93357425,80.46093256,83.62658192,-0.300887037,-0.382744442,-0.164792713,-1.61600939,-1.524318704,-1.686873298,nike
193.1782526,188.0794404,177.8287428,79.58520066,81.72532805,87.85164347,-1.124012073,-0.913698268,-0.603702644,-0.120569706,-0.606011657,-1.264353297,nike
193.2112763,188.3954281,190.2274394,53.47395993,56.78455105,55.53248126,-2.056195541,-1.815204876,-1.869639888,3.245485408,2.023598304,2.250696339,nike
235.2684152,235.3882733,235.2690131,32.50529814,32.31358172,32.32642611,-3.753017679,-3.76918701,-3.794112708,15.74650131,15.87462937,16.03714892,nike
198.1295241,181.6895129,173.734096,84.32439516,88.66858442,93.92834315,-1.078880255,-0.653194926,-0.463629279,-0.626943178,-1.271026125,-1.589392878,nike
109.1967674,102.5920958,97.44003109,67.86083729,62.25992578,61.37487231,0.089412746,0.237013186,0.536482283,-1.237076784,-0.825596697,-0.326638525,nike
164.217036,148.4422433,165.6257773,97.99862081,114.4280695,96.94240333,-0.452110883,-0.340732613,-0.484486991,-1.509611675,-1.778458604,-1.448475546,nike
137.480688,124.4217554,119.2797154,40.54178469,49.3499805,57.59362477,0.076512228,0.367048385,0.352018301,0.44254542,-0.747222829,-1.172169961,nike
42.39355469,48.15626993,63.17169563,51.80927179,56.1775752,69.94301187,2.353546718,2.115860503,1.609852555,5.072143245,3.822335652,1.300269397,nike
116.5602878,101.1888951,98.62581712,58.73668258,63.30197454,58.66046486,0.613825546,0.788208392,0.843452607,-1.110491058,-0.909101748,-0.76900196,nike
153.8746413,140.7623366,116.3532765,73.97503951,59.81426911,53.98769299,-0.963384629,-0.697729587,0.229530575,-0.779134462,-0.845871944,-0.665596116,nike
36.7819874,25.54089605,26.36969866,76.03024594,59.06335676,54.84716453,1.972314613,2.624787858,2.687822014,2.215329499,5.768081014,6.520219208,nike
215.3151706,217.7735371,216.1080995,65.11453004,62.46762837,63.07197012,-1.956339979,-2.076742998,-1.957357046,2.151741734,2.656848429,2.217378009,nike
218.9633291,220.1225885,213.6004863,62.28887596,61.55017309,70.82247307,-2.257984367,-2.361963721,-1.941127797,3.484393506,3.940173534,1.963338519,nike
168.7979114,172.3076172,174.3255341,82.73769446,81.48498923,78.36022404,-0.274618999,-0.343538298,-0.302498275,-1.585692102,-1.534754981,-1.519091561,nike
181.6387516,180.413365,182.6876594,78.7772707,80.34945715,78.94359871,-0.384363985,-0.388776541,-0.442107145,-1.551513301,-1.552582352,-1.455438451,nike
108.6993782,119.8839485,111.2606425,66.43227258,63.69599041,68.41098337,0.406880999,0.28454055,0.360214597,-0.772065476,-1.056983038,-1.200202489,nike
155.1319555,116.4074857,90.4138632,59.14943111,61.42607523,80.75579459,-1.148375788,0.214647757,0.610999839,-0.05427726,-1.170078804,-1.385649233,nike
117.1522441,108.0313496,97.17432637,46.65066386,43.5789467,48.3012357,0.676795933,0.62789628,1.003692626,1.35630859,1.214698808,1.310968007,nike
123.3501276,110.338349,109.6869619,41.03419774,48.79626289,56.01580607,0.785413129,0.984961806,0.95600476,1.569939904,0.649558066,0.054300895,nike
109.2349729,102.2902782,96.60202089,60.7290088,65.08445123,70.19819078,0.64177468,0.66702339,0.698961798,-0.678603227,-0.827554888,-0.847151738,nike
94.7115354,84.7676977,84.84604193,63.42398267,46.95663179,39.80947773,0.992928336,1.407809124,1.715941129,-0.474079467,0.888302485,2.267406475,nike
159.0538106,83.55863361,81.19495376,71.96282715,76.82879262,74.64080746,-0.498482518,1.097848576,1.114914891,-1.094343272,-0.355188947,-0.324897355,nike
209.8932956,200.7353914,201.1231864,62.92514627,74.06850404,70.96367735,-2.439028377,-1.964771526,-1.980434949,4.273526054,2.030333132,2.073326321,nike
140.2133092,128.2960379,116.5993503,45.47743337,52.89478568,62.17261525,0.412916848,0.537415767,0.609578097,-0.218796024,-0.681501637,-0.859870123,nike
169.4051339,98.56841916,70.60297752,55.12459588,47.30429675,42.0199934,-1.929713785,1.702387273,2.868022663,3.593058654,2.853296201,8.21822553,nike
119.6125638,108.2782007,101.7299306,72.51538727,67.57923732,66.40985529,0.054123598,0.289739987,0.704720629,-1.406345845,-1.076112953,-0.402844738,nike
171.8541932,170.8437101,176.4347696,72.45269823,68.79807462,67.63394338,-1.089342475,-1.163617396,-1.170026253,-0.424703531,-0.226823317,-0.200951175,nike
162.8740434,160.8878149,161.4511719,94.38352547,93.61339702,91.04148387,-0.314250317,-0.274409756,-0.224244349,-1.686051041,-1.678313046,-1.677499787,nike
178.9302655,178.3057637,180.1199777,82.28679826,82.85053793,82.19004828,-0.348409837,-0.348081215,-0.406770138,-1.607552755,-1.596089628,-1.523548692,nike
236.8073382,235.2035834,235.5683793,38.18803038,42.80432557,42.05628389,-1.898763691,-2.186016078,-2.157372947,2.461920281,4.370511409,4.058619598,nike
198.4104751,198.7006138,197.665059,90.64964411,89.80175035,91.16555371,-1.115783846,-1.096248572,-1.051874321,-0.606898979,-0.653764901,-0.795197539,nike
199.7866709,178.4964724,172.0935906,26.28324415,25.36996319,32.71613111,-2.316662513,-1.035578852,-1.555102823,10.75764239,4.377248084,3.480655169,nike
137.7702687,154.0734016,180.5473932,102.6355761,86.60761559,66.4775485,-0.078222378,-0.113047626,-0.465548586,-1.868422205,-1.759654641,-1.238678007,nike
117.555684,105.7122529,85.89835778,60.69519993,53.20382386,57.20207932,0.636944463,0.992232335,1.36588223,-0.365303143,0.397641883,0.998440286,nike
143.859375,141.0495655,111.7286551,64.32694204,68.01855388,57.76363811,-0.60260796,-0.392353421,-0.237248689,-0.62448501,-0.729381353,-0.766377992,nike
190.0015147,191.2767658,173.2032047,59.14129218,58.90124562,71.00966337,-2.007039978,-1.961467789,-1.014084655,2.748889621,2.60241969,-0.491742701,nike
136.3619061,87.95685188,55.19646843,51.06507655,41.86952056,32.31664428,-0.31036427,0.378972501,0.881941111,-0.40187034,-0.00071952,0.834493578,nike
156.9931242,164.3768535,170.9134048,82.42711185,75.29697966,64.82814906,-0.716877247,-0.812717362,-1.176495895,-1.187638615,-0.880053095,0.168408863,nike
92.20021524,136.427834,185.4799705,53.49102348,40.73277078,33.82261353,1.276551982,0.676170243,-1.784741164,0.503669442,0.195427641,4.941880996,nike
83.27435427,33.75837054,50.04456314,91.00238008,41.41688867,47.66360293,0.862370027,2.194241842,1.342285052,-0.839348828,5.374073024,1.403024133,nike
123.6779735,126.6853276,136.2565768,51.65108437,54.73736987,58.66729463,-0.068987807,0.003739518,-0.026159706,-0.97674819,-1.138518232,-1.286076692,nike
204.7885244,206.678133,209.7588289,76.44392878,73.88137887,71.04788294,-1.670222972,-1.691304006,-1.772584649,1.513372339,1.611552665,1.878593811,nike
162.45454,160.5835061,163.5853197,52.92429379,56.07991187,57.27615326,-0.398672424,-0.403809872,-0.272294303,-0.603811985,-0.747122798,-0.985355476,nike
157.4353675,141.3455835,142.5788823,99.0666858,109.1494242,108.1611281,-0.220137436,0.000634382,-0.004195912,-1.736068383,-1.918323011,-1.917236782,nike
133.9043168,132.1149155,134.2454759,60.84359156,59.48505466,59.09666864,-0.169334555,-0.002620339,0.140470487,-0.834602573,-0.867763911,-0.860070281,nike
168.2523517,139.4588449,129.848593,52.0703731,48.46678407,43.41957051,-1.544106303,-0.858096297,-0.688198557,1.604060476,-0.011705069,-0.646089159,nike
171.1205556,173.2652264,176.5551857,96.64328503,94.38679334,90.91679111,-0.504140392,-0.518473519,-0.536180614,-1.507794068,-1.479688508,-1.444885723,nike
200.6561902,202.8110451,203.3360969,88.02098588,86.43805469,86.02288894,-1.147380202,-1.215220467,-1.233352266,-0.523927765,-0.345100566,-0.29250168,nike
217.2249681,215.4791534,215.765904,65.78171318,68.17112775,67.73389187,-2.164639323,-2.056855105,-2.068183328,2.990302247,2.495895179,2.542341468,nike
227.489776,228.891482,231.6937779,42.2247716,39.47919637,34.24713752,-2.392188484,-2.559750789,-3.011573867,4.974980732,6.277659756,10.03378787,nike
88.94258211,93.1312779,93.46008052,61.52505329,65.17183647,68.24272909,0.548369907,0.683183751,0.903956689,-0.586132104,-0.368973914,-0.169491076,nike
182.9777184,184.0730628,178.9768814,86.70544668,88.36639148,90.9724976,-0.703303287,-0.789840222,-0.643387395,-1.219076873,-1.115633864,-1.334380163,nike
215.8813975,217.1643216,221.9927655,77.83316324,76.4404022,69.17737877,-1.78150805,-1.826580112,-2.017509807,1.41849452,1.59493013,2.488738784,nike
201.636081,196.3860611,189.8192562,74.43225331,79.85387227,88.35349433,-1.482955884,-1.244038878,-1.101632434,0.687420773,-0.148069167,-0.626025129,nike
223.4038385,223.552276,227.4862085,55.90706831,53.87921421,43.36979023,-2.674301193,-2.525991671,-2.572129268,5.758792694,4.945604676,5.518537179,nike
223.9988042,222.5754544,226.9438776,46.31092149,51.32540153,44.63055723,-2.059191947,-2.236662215,-2.647419284,2.912529706,3.712068231,6.055442984,nike
58.30042251,56.7883251,55.31373565,72.86892541,72.0657621,70.98925127,1.216908786,1.253772628,1.310642812,0.231888686,0.318085018,0.489187581,nike
181.1100327,173.9525072,176.5730628,101.6904596,102.4436054,99.24679392,-0.819021939,-0.565269336,-0.576843661,-1.197903215,-1.577358122,-1.542561819,nike
107.6767777,124.8432119,90.86272321,64.68137294,37.97952117,52.68224761,1.301362786,1.822628098,1.743984988,-0.150967715,2.532468876,2.34401837,nike
217.0108219,217.1323143,217.4102958,67.19784613,67.03682746,66.66893681,-2.141555999,-2.146935961,-2.157300862,2.751748483,2.77944035,2.822410215,nike
213.1018814,222.2459742,221,79.28051045,67.32521485,66.69003543,-1.497899938,-1.836822867,-1.650005962,0.378645809,1.659309137,0.978166792,nike
212.454839,208.5305724,210.0941685,80.77516342,87.31734866,85.15486928,-1.582505452,-1.497134298,-1.519203693,0.750512467,0.382597076,0.446473488,nike
225.505401,225.5113799,225.2701889,55.14708391,55.13617504,55.60949933,-2.266473139,-2.266881628,-2.254590159,3.606385889,3.608571364,3.539505135,nike
231.9137436,230.8227838,232.2995057,34.15931601,38.04054929,33.54020354,-3.078462445,-3.203845277,-3.111456473,10.88040574,11.13260961,11.12468766,nike
206.8493901,207.1720743,207.3097098,65.74552993,65.67193328,65.52285617,-1.536411824,-1.531252796,-1.470806679,0.93576298,0.915927365,0.775058868,nike
235.7635523,228.3263313,207.2317044,54.9052514,57.89524495,88.57240223,-3.050014268,-2.471868417,-1.391507372,7.74824258,5.148244992,0.012133834,nike
217.8299187,206.7941247,210.3001435,62.03376138,82.22858605,77.22401251,-1.634465427,-1.52159115,-1.537680016,1.566027759,0.723009335,0.716584448,nike
162.888911,158.2256059,157.8618064,93.91551087,92.78785406,91.21700482,-0.27607934,-0.185999226,-0.121568179,-1.686664926,-1.675358041,-1.696528549,nike
226.1247011,225.6176658,226.6158123,55.14529755,56.19909781,54.41095549,-2.990553743,-2.908245341,-3.03579662,7.409408231,6.84151784,7.702263196,nike
178.7677575,172.5363919,177.1013034,85.24074979,89.19983968,87.32466764,-0.543981591,-0.426366231,-0.509231161,-1.457031325,-1.58823297,-1.469827899,nike
44.78376116,64.38129783,79.39682318,45.90802057,49.71996216,62.68548081,2.0628844,1.588647609,0.851960574,4.677413388,2.863581463,0.14405959,nike
134.5088289,128.3857621,128.9610172,109.3003683,109.1713581,107.9543897,-0.115770738,-0.007543696,0.009452563,-1.765650057,-1.772525408,-1.764414772,nike
213.0608658,212.847437,216.0141502,69.43533156,69.83644299,64.4134764,-1.794898266,-1.790360208,-1.937904426,1.394754873,1.373269053,2.097005592,nike
208.3104871,209.1322744,210.9266781,64.19510075,63.67807929,62.39156717,-1.941742782,-1.987929298,-2.051703003,2.015359452,2.176694725,2.410350901,nike
175.7487843,175.7487843,175.7487843,101.6880839,101.6880839,101.6880839,-0.645350954,-0.645350954,-0.645350954,-1.493542558,-1.493542558,-1.493542558,nike
196.100845,202.1234455,216.7458945,91.27157669,82.97823512,63.69101666,-0.971949945,-1.028925195,-1.377076365,-0.977154332,-0.804302219,0.450027513,nike
222.6273916,228.0557438,233.0173988,64.0516348,53.6921473,48.21888987,-2.04972162,-2.316896904,-2.991740906,2.85345013,4.7503319,8.918215176,nike
210.7338768,210.8037707,210.0061583,75.68252464,75.41142467,75.18453556,-1.386493921,-1.397092091,-1.39127887,0.205073032,0.261784596,0.327305813,nike
208.3459622,208.0720265,207.7245496,78.39560398,78.60369362,78.93879898,-1.729725362,-1.714857137,-1.692744322,1.089857062,1.039995528,0.956785096,nike
212.5929927,209.0550263,216.2767459,77.62336633,80.55423561,70.29612665,-1.539558453,-1.342372361,-1.480835953,0.591741686,-0.063649574,0.40393179,nike
112.0154656,88.32344149,91.04825016,71.97801734,83.78314765,81.33671199,0.85905036,1.023105106,1.000532803,-0.818029411,-0.797319836,-0.79404389,nike
140.5715681,109.0305126,109.1680285,79.63850897,65.47619583,68.86945072,-0.228743021,0.346193016,0.339669619,-1.427420677,-1.077352205,-1.371442883,nike
225.3396644,225.33807,225.7618184,69.78862722,69.9834099,69.80028174,-2.286258924,-2.289209128,-2.318728124,3.623329225,3.630392195,3.755658852,nike
145.5754943,138.3290816,133.5978954,60.48561224,61.14444293,63.62383366,-0.202353361,-0.165671414,-0.002196248,-0.546975355,-0.518258922,-0.506627925,nike
187.3264708,184.7984295,185.3493503,101.9745076,103.7348022,102.9867211,-0.887729417,-0.824722078,-0.828575982,-1.167572752,-1.28994818,-1.279356101,nike
203.6888353,206.6696429,209.7084861,90.26410777,84.02519751,78.87636962,-1.303737959,-1.300227578,-1.331980098,-0.181166899,-0.111728263,0.026359664,nike
237.5004584,237.5770488,238.4029018,50.9187168,51.02615535,51.34541247,-3.629467127,-3.633070471,-3.69052725,12.03214902,12.03684023,12.34629646,nike
212.8325295,205.6429369,223.9702248,77.1400351,80.24753522,63.28940369,-1.461523273,-1.174885231,-2.057981584,0.431066438,-0.324607774,3.008064969,nike
203.5628189,203.4915896,205.5794204,61.29696437,61.33519761,60.33538471,-0.951586131,-0.951785697,-1.064151014,-0.036772435,-0.022011518,0.330553445,nike
186.0402982,191.0751953,201.8095703,86.28359836,81.52434248,75.89121026,-0.678552203,-0.737671051,-0.985584193,-1.389857774,-1.261903346,-0.787762803,nike
173.3858618,173.1782127,170.36079,98.77219868,100.9880614,101.624898,-0.568361944,-0.585660911,-0.50949221,-1.598565966,-1.593691714,-1.661496506,nike
208.8335858,208.2729393,209.6658761,83.11258256,84.02345761,82.27238858,-1.355527402,-1.352715672,-1.363984946,-0.056408304,-0.066107534,-0.036909544,nike
230.507394,199.4948382,189.2707868,52.76802696,67.01920704,84.36108349,-2.404042831,-0.749457099,-0.985400737,5.034069553,-0.98213894,-0.507608018,nike
216.0444834,193.6475805,189.6548748,70.22090586,88.70779631,94.06348804,-1.840541704,-0.84497981,-0.802178441,1.947041998,-1.167650833,-1.305192531,nike
145.226124,143.1760403,138.373864,67.76937763,64.11197692,60.12751346,-0.983541066,-0.995281859,-1.000131713,-0.681628577,-0.61083832,-0.555120156,nike
129.9076052,126.4493583,126.6018614,67.68472127,66.77918425,67.70105306,-0.485101724,-0.439511993,-0.439195383,-1.21101584,-1.251759576,-1.273439419,nike
195.0543487,187.7674187,191.0227798,67.11565077,72.54127791,69.1353943,-0.656563804,-0.547351082,-0.573273126,-1.021915845,-1.167437102,-1.093388353,nike
130.6012038,142.0178372,149.7446588,74.80441948,59.94071613,57.20105654,-0.58363012,-0.961037369,-1.158917108,-1.352178233,-0.354718876,0.470784094,nike
171.5440649,169.5572585,170.469029,97.90461209,99.1999376,99.2110662,-0.451871123,-0.440633189,-0.445651348,-1.711084079,-1.712876033,-1.722952052,nike
122.9293686,113.430106,94.50209263,65.98953867,61.28133389,67.26522346,-0.339671991,-0.242365384,0.561445124,-0.961902457,-1.214543521,-0.476062398,nike
214.7327408,215.1319954,219.4423828,65.08219024,64.50766416,58.39640482,-1.948864172,-1.971025303,-2.28579102,2.236178086,2.346356749,3.966768646,nike
138.1780732,137.194595,138.3263712,110.8919328,111.6483906,110.3708691,-0.027682555,-0.026632718,-0.030034362,-1.913604303,-1.911267963,-1.900664593,nike
223.866749,229.1421197,226.7486647,47.92994552,42.4678674,45.05040788,-2.388374249,-3.445205971,-3.010561966,5.08262322,12.07583334,9.137539589,nike
135.8347417,124.7330596,130.7626555,109.9452697,108.143146,107.3926729,0.059964383,0.281297309,0.145539424,-1.919637698,-1.831277661,-1.860395517,nike
170.0463369,168.2997848,166.5227798,43.28655761,42.07932291,40.25665675,-1.386007876,-1.38865257,-1.268333364,2.122656373,2.437042661,2.740727367,nike
160.8655134,162.1519053,167.8740832,87.92969299,88.31625471,86.92934044,-0.212941609,-0.245798139,-0.324212627,-1.689764367,-1.690316122,-1.672543677,nike
187.6466837,179.013931,181.1925423,86.84003623,94.42090776,93.76513577,-0.923379856,-0.758337243,-0.792713592,-0.734795056,-1.120180422,-1.082592348,nike
83.24284518,116.5840641,140.1690051,61.24547339,40.25542883,55.44604735,0.410438345,0.122988328,0.223748255,-1.563133857,-0.650577686,-1.034475128,nike
164.2397561,167.2504385,171.0338409,97.09765966,94.0353738,91.27359919,-0.265114701,-0.285195372,-0.326665895,-1.83989252,-1.797253581,-1.746218311,nike
144.971879,147.8922393,152.5837054,104.3469932,102.1636926,98.75582746,-0.05558805,-0.056778446,-0.066746527,-1.890612853,-1.89755256,-1.89705716,nike
192.84375,209.5732223,226.3830915,96.40543115,73.59625954,55.19265059,-1.012374375,-1.301077918,-2.316669298,-0.837525214,0.221632562,4.768616119,nike
220.4771803,222.9404695,223.2454959,63.07562727,59.47138109,59.76196838,-2.408377871,-2.697538705,-2.764246904,4.156635038,5.788942428,6.140451903,nike
124.7785595,133.6160714,102.1118064,51.21036853,48.57144622,58.51256276,0.333802576,0.160440579,1.272644461,-0.607672523,-0.422966048,0.301639081,nike
138.0915776,137.8013791,140.5692761,103.7374998,104.2929827,102.8824377,0.130237044,0.125367353,0.105662693,-1.88992594,-1.894129869,-1.901692862,nike
212.3091916,219.3190968,228.2937659,78.80129413,70.24170017,60.86834673,-1.567334835,-1.957245251,-2.567602703,0.834754669,2.566046504,5.55252327,nike
39.99111129,38.01574458,42.09923071,54.98047616,53.35376383,53.10300808,1.804506742,1.779621406,1.851891251,2.423096451,2.461312573,3.184745509,nike
80.04502152,82.8109654,53.56461256,79.70061408,85.6625453,53.48974139,1.016439084,1.035779469,2.417620969,-0.838267621,-0.801661683,4.737055955,nike
172.2048988,181.3628428,210.4280134,84.94270564,75.08903411,51.00814596,-0.268155194,-0.303895315,-1.194715864,-1.787802901,-1.673391495,0.952425245,nike
113.1178651,109.3984973,117.8318917,78.67753349,75.8347786,75.50076723,0.170769212,0.24548156,0.312281939,-1.400486612,-1.37350442,-1.166264221,nike
195.6427575,195.1719149,195.6956114,83.66298302,84.63961118,85.31779158,-0.984069519,-0.994612706,-1.017253333,-0.78260376,-0.758915926,-0.719677858,nike
121.863082,118.7800343,115.2928492,75.97923569,71.96366997,67.74732786,-0.495975592,-0.499811981,-0.529184914,-1.527145744,-1.485510203,-1.421688459,nike
137.3851842,137.3112444,139.5347377,103.6648146,104.3466058,104.1972596,0.082270006,0.072021535,0.043276612,-1.871821605,-1.879398064,-1.895517861,nike
196.7899992,196.7645886,197.6394491,73.6197251,73.50328243,72.40657249,-1.556152803,-1.560920358,-1.599131285,0.743367465,0.769405288,0.913109975,nike
149.8711535,123.73864,119.5414939,43.1231514,68.55812809,69.20711346,-1.016032477,-0.637727064,-0.529978979,1.871199993,-0.94455424,-1.046560485,nike
206.3682039,206.4745097,210.6688257,70.12716197,69.65938926,60.27971343,-1.840053257,-1.834054472,-1.829815358,1.577763025,1.564019952,1.613616637,nike
129.694316,118.4968312,129.8427734,67.08424128,65.05344145,64.75795493,-0.423118259,-0.250612234,-0.198874426,-1.209449469,-1.495062079,-1.218844571,nike
186.8637994,178.5924745,179.6060666,96.54724398,98.28691622,96.88984678,-0.880775006,-0.714452777,-0.706590545,-1.07768865,-1.277251835,-1.291240648,nike
216.3340242,215.4947784,218.5464963,65.40707953,64.27782017,58.38536798,-2.056538193,-1.944307125,-1.987528607,2.460179615,2.091419821,2.320106133,nike
222.5597696,226.5765505,231.5036472,57.63938172,47.00623974,34.22366017,-2.515584397,-2.562337222,-2.744820996,4.943985046,5.493943057,7.85988391,nike
227.2501993,220.8924785,208.8236806,50.13642958,56.60935611,79.39723559,-3.147841557,-2.363939167,-1.854983596,8.873451976,4.435122574,1.598965043,nike
201.7065928,201.3995336,200.4277344,90.46299366,91.02466472,91.80339015,-1.212834706,-1.209073547,-1.175060256,-0.376411191,-0.391213425,-0.488065207,nike
113.6631457,106.9695671,98.23509247,101.6489046,98.41627955,97.25734076,0.404211162,0.595722252,0.877227971,-1.653649056,-1.372188019,-1.038436014,nike
166.8706952,167.9658203,170.427854,87.74066542,87.89925747,88.68748279,-0.463729562,-0.508538661,-0.599569842,-1.150617265,-1.10229497,-1.04577672,nike
211.5616629,214.402284,216.9554967,70.67324116,65.55001682,61.18968188,-1.820213566,-1.889418875,-1.965250316,1.583449248,1.901907031,2.266549714,nike
197.3916414,197.0600686,197.9008092,92.75545115,93.08345414,92.74020983,-1.118344258,-1.115748039,-1.120905742,-0.653820488,-0.659578354,-0.654031149,nike
197.0030293,195.8420759,193.2129106,75.74603491,76.9668944,77.32624537,-1.279032916,-1.260564892,-1.12969506,-0.253180104,-0.307157108,-0.594307808,nike
158.833227,153.3842474,147.876714,96.2777444,95.66288804,95.96679148,-0.192028857,-0.064414064,0.127513485,-1.790216681,-1.772516609,-1.835890445,nike
141.4593033,128.2452966,103.9132852,78.69842579,82.87438135,95.59935544,0.366961988,0.672144687,0.882342658,-1.194168826,-1.130184232,-1.103271495,nike
206.8457828,206.885782,209.2200255,69.98126723,69.75558962,67.31617557,-1.024716058,-1.019415082,-1.059738868,-0.548683588,-0.55334124,-0.468340953,nike
200.8400231,200.7351921,202.5333825,86.71078768,86.95817696,84.35911038,-1.047538408,-1.051202137,-1.065739307,-0.781381065,-0.771366186,-0.728800396,nike
147.7150231,133.3237404,128.7321429,48.96981246,48.08330778,53.592896,-0.17429691,-0.258410491,-0.211481199,-0.564074976,-1.075889076,-1.292416471,nike
201.2807916,202.6706593,205.8098294,82.25783017,81.85667742,80.56762258,-1.425450768,-1.465069354,-1.537807857,0.446762469,0.53496843,0.686772373,nike
153.1595783,132.9076252,129.1136998,44.08172689,66.51894786,66.90140267,-0.813583162,-0.767970021,-0.672094646,0.798589408,-0.648559539,-0.785430531,nike
145.4483817,154.6020807,176.1432159,68.03222396,57.41709153,37.5269612,-0.897792825,-1.032160875,-1.832096431,-0.724251622,-0.26678302,3.733890239,nike
115.597716,95.36236448,95.76594388,81.56316401,64.94933721,92.79584078,0.4254405,0.286131502,0.354919967,-1.114715976,-0.767161108,-1.461152806,nike
221.7829839,207.9393734,210.3034518,69.14231437,85.33339777,82.13989727,-1.98197474,-1.425353672,-1.467148289,2.294620949,0.201516116,0.354008024,nike
182.6065649,175.8865992,176.0316885,82.17041878,88.82161781,88.93318683,-0.508824831,-0.436858964,-0.442959393,-1.532614486,-1.651126067,-1.647468086,nike
229.2964764,226.0233777,229.6560507,55.51841421,56.74817794,50.81888188,-1.941788462,-1.716903005,-1.930808434,2.118882787,1.384240626,2.624441776,nike
173.5049825,172.4638273,168.9029416,103.2837274,103.5385978,105.8639169,-0.579765531,-0.547118584,-0.467301644,-1.548310598,-1.587827387,-1.708431923,nike
199.3436902,190.6871213,193.8751794,75.30735413,80.36269588,78.83025668,-1.095408078,-0.839487816,-0.882712981,-0.503733209,-1.035094305,-0.99199496,nike
141.9995217,139.18182,138.0313895,104.0603801,104.6765737,104.0598505,0.081408778,0.108557321,0.159951174,-1.88756892,-1.869580411,-1.864116992,nike
231.4711416,232.5916574,233.790617,37.36270792,34.42607999,31.87344754,-3.616948383,-3.721218868,-3.92998281,14.38060565,15.66188208,17.81290865,nike
8.06642618,11.11473613,10.174147,33.91185726,28.80465858,28.31531214,4.726872482,3.380123295,4.085736191,21.48415785,13.42549305,20.17183154,nike
207.5700733,207.7142459,209.2776228,70.01485237,69.48415194,66.74849766,-1.010915023,-1.007738135,-1.009849032,-0.684248208,-0.673649446,-0.636956015,nike
181.3966239,157.9726363,149.8978795,35.87713258,58.56019727,67.95083328,-0.799785074,-0.615062802,-0.117907247,0.909933525,-0.617078481,-1.171007636,nike
203.9296277,203.5060587,203.8783881,87.19102296,87.71592801,87.45189457,-1.242925262,-1.239375216,-1.241453453,-0.360652598,-0.369741296,-0.368101871,nike
135.0175582,133.3160077,131.5644133,104.5757736,105.3770739,106.575012,0.181506294,0.185115068,0.194118373,-1.864505496,-1.850649511,-1.847871769,nike
134.5130939,106.6530612,74.29013871,66.2734056,46.82973761,36.34564763,-0.383974925,-0.095028916,1.115977021,-1.168090627,-0.863953416,2.528044305,nike
190.378707,184.7897999,184.4031609,71.7097037,75.16395504,74.10559667,-0.615682237,-0.468568833,-0.440238147,-1.230012564,-1.459380491,-1.458283921,nike
171.5517379,172.149713,177.2836017,88.94696338,88.87764576,86.73453586,-0.468285236,-0.493380272,-0.588969191,-1.484719664,-1.446511657,-1.344789102,nike
220.7022082,209.8704959,211.3518216,58.5235885,78.81457969,75.35973441,-2.340497894,-1.877135682,-1.872030121,4.056882421,1.61433738,1.594899922,nike
100.7778221,98.2682956,94.05654098,75.34509958,74.97798255,65.66445737,0.432973664,0.46308431,0.542200909,-0.933308816,-0.970752558,-0.600158306,nike
215.6642419,215.8234016,216.5653101,70.13818081,69.81863465,68.32395616,-2.127787588,-2.129127895,-2.139647861,2.704204596,2.708624483,2.756765192,nike
206.884666,211.6141382,219.0333227,74.84652765,69.12471087,60.94967537,-1.211077044,-1.331180602,-1.634011464,-0.021879133,0.397352056,1.53744371,nike
159.7542052,138.606545,127.1830158,45.13127898,67.29426857,69.76091361,-1.067541498,-0.727634085,-0.576956271,0.856679754,-0.804717189,-0.907793473,nike
95.02578922,82.41591598,88.96805246,87.32448421,85.97844169,88.71448878,0.878877442,1.080327084,0.914582759,-0.730727234,-0.325890853,-0.665616941,nike
144.5942084,123.3863999,118.9229911,59.05430692,49.28889994,51.5312642,-0.503386804,-0.646786022,-0.104781547,0.081148249,-0.156146806,-0.363653978,nike
204.8240195,206.1228476,208.8431122,84.98301293,83.57148041,80.31602234,-1.247320086,-1.294378607,-1.331977518,-0.307588215,-0.160902787,-0.066997771,adidas
211.7145448,212.9890187,218.5445033,82.9140483,79.9929277,69.77858635,-1.602772351,-1.591051355,-1.684163522,0.714480425,0.697753257,1.150769049,adidas
232.2504153,223.9551951,211.5334359,14.64580263,34.52305649,67.13978712,-6.319110865,-2.875902245,-2.234153051,51.44512501,7.928332309,3.32779913,adidas
168.9389349,156.7861527,188.7904775,62.51042816,56.80002442,54.72978545,-0.582411856,-0.269581096,-0.71786983,-1.031161074,-1.04516733,-0.74769283,adidas
140.0409558,145.7874083,142.3783881,79.53714492,75.62677769,74.85002063,-0.48050799,-0.599577378,-0.506492745,-1.116891745,-0.839170547,-0.893014291,adidas
143.9830397,134.7362683,131.5332231,53.00591744,50.9700779,51.04417367,-0.753913339,-0.574514017,-0.319392525,-0.482484655,-0.47814044,-0.265429573,adidas
183.4374203,175.8910635,171.659957,63.25603404,64.82738046,62.30327685,-0.886977881,-0.677025615,-0.418281249,0.178184054,-0.452792017,-1.134371386,adidas
111.7499801,94.00599888,71.39528858,83.63658729,72.96508701,58.25931169,0.450634676,0.707077284,1.068189811,-1.200757207,-0.627517322,0.473045669,adidas
163.3832709,166.2923908,172.2426658,67.67373038,63.51058976,53.77958357,-1.24716089,-1.204160283,-1.10696422,0.064432562,0.034903305,0.094194653,adidas
145.2054169,143.2253069,141.4378986,49.98810162,50.29704294,51.21083708,-0.712737316,-0.777679632,-0.655704331,0.906856994,0.940839488,0.764920296,adidas
165.074717,166.5992905,175.1023796,92.32210932,91.6314934,86.21687209,-0.484222086,-0.497802593,-0.55933047,-1.470809191,-1.46393708,-1.425505865,adidas
120.2370655,122.7646684,119.6926818,80.37843556,78.57184142,82.50902919,0.326280762,0.292645438,0.421487838,-1.3775085,-1.358635872,-1.417416183,adidas
168.9389349,156.7861527,188.7904775,62.51042816,56.80002442,54.72978545,-0.582411856,-0.269581096,-0.71786983,-1.031161074,-1.04516733,-0.74769283,adidas
186.0003986,144.4547991,49.29432398,81.98951696,61.63810614,75.14459799,-0.906860008,-0.719958099,1.58069148,-0.975094217,-0.75919895,1.06021086,adidas
183.4374203,175.8910635,171.659957,63.25603404,64.82738046,62.30327685,-0.886977881,-0.677025615,-0.418281249,0.178184054,-0.452792017,-1.134371386,adidas
225.9140625,222.4014868,221.825295,29.38720621,34.8444381,34.95860302,-4.180773619,-3.197461795,-2.947676325,20.5103612,11.07279212,9.692615131,adidas
111.7499801,94.00599888,71.39528858,83.63658729,72.96508701,58.25931169,0.450634676,0.707077284,1.068189811,-1.200757207,-0.627517322,0.473045669,adidas
163.3832709,166.2923908,172.2426658,67.67373038,63.51058976,53.77958357,-1.24716089,-1.204160283,-1.10696422,0.064432562,0.034903305,0.094194653,adidas
145.2054169,143.2253069,141.4378986,49.98810162,50.29704294,51.21083708,-0.712737316,-0.777679632,-0.655704331,0.906856994,0.940839488,0.764920296,adidas
170.6129624,161.2420281,162.986946,65.89687968,72.62465654,69.63788364,-0.995288414,-0.86282048,-0.819484328,-0.34178084,-0.726883501,-0.777896306,adidas
228.7349729,228.2679568,229.9035993,40.81661289,41.51043048,40.6315283,-1.580483779,-1.571557959,-1.662308427,1.307621927,1.252569073,1.509355461,adidas
203.6951531,196.9682119,196.7801539,42.57568316,48.5177007,57.65551802,-1.816449679,-1.657315854,-1.424361956,3.685512153,2.296487358,0.899209426,adidas
134.2964166,142.9655214,157.0289381,63.30363068,57.14908943,46.81477593,0.29626924,-0.190641903,-0.848028277,-1.014832095,-0.641329616,0.433007161,adidas
209.7783801,208.1983219,218.2109176,64.02550973,64.52788765,52.18763077,-1.604626531,-1.438198765,-1.72490654,1.592098711,0.930806348,2.439984044,adidas
94.70607462,84.78324298,84.87796955,63.00336919,46.98996543,40.12977588,0.994113685,1.397494942,1.704080861,-0.449377953,0.864771054,2.26879488,adidas
224.9918288,227.7329002,230.7316845,50.79903567,48.0640343,44.85131524,-2.475791813,-2.602822487,-2.723458501,6.262876828,6.838449149,7.352012037,adidas
111.5655692,109.5660475,104.7644093,67.11640286,64.37990853,67.35798731,0.401470667,0.508037895,0.631171751,-1.426736861,-1.230723312,-1.131160191,adidas
86.50749362,81.52961575,83.91177057,57.08055532,51.08250067,51.88537985,0.541963998,0.800031334,0.85011629,-0.305678901,0.743011214,0.822235181,adidas
121.4700853,104.3444077,87.88307159,65.00014305,55.66567986,50.1981491,-0.345355088,0.011777326,0.755136573,-0.911685345,-0.213252683,1.365912982,adidas
176.3410395,174.7897003,179.754823,56.76349909,57.39018929,56.37934071,-1.230228591,-1.11823678,-1.099015823,0.384972478,0.066125438,0.086840862,adidas
214.2686344,215.7274195,217.0701132,71.18273965,68.48987066,64.72815249,-1.665600687,-1.612118003,-1.538011102,1.160932742,0.949814684,0.680311305,adidas
165.2670799,157.2985092,154.556262,78.74419923,77.59021824,73.72330176,-0.598822531,-0.397668805,-0.254797847,-0.965619513,-1.080988149,-1.102268644,adidas
123.0492267,130.7692722,145.9243662,82.89832725,78.60548596,71.91274242,0.261222716,0.258706883,0.259834834,-1.828559878,-1.814791746,-1.768795602,adidas
134.7244699,145.3774713,172.7151228,107.0030483,98.47452562,80.38605308,0.133341284,0.078719901,-0.327646935,-1.828013346,-1.771469989,-1.280499627,adidas
176.2495815,180.6546357,184.8722098,93.60902959,89.1846379,87.00078581,-0.734979011,-0.834636846,-0.957324455,-1.245634757,-0.98247297,-0.748240281,adidas
146.2436025,166.6064453,128.7652065,66.12958762,71.14216709,66.50763118,-0.582845427,-1.039577373,0.334290473,-0.394338795,-0.272031021,-0.652689257,adidas
155.8035116,153.1052695,151.2256657,59.62817496,60.02026091,59.25231313,-0.33850494,-0.286115465,-0.238530287,-0.48647522,-0.551432156,-0.54615975,adidas
149.0392219,157.8719906,146.3717315,65.87633582,68.66571288,73.80351343,-0.735575972,-0.727461171,-0.359525057,-0.870659718,-0.839609294,-1.242511492,adidas
232.7908562,199.7550024,196.2411711,34.02187337,56.0441879,61.87140054,-3.869383724,-1.003846738,-0.852860566,17.18115844,-0.018662192,-0.681744337,adidas
114.5117985,119.6329919,98.38227439,74.06946829,85.0653008,67.07708663,-0.045210317,-0.114839519,0.062553037,-1.484884331,-1.595804664,-1.243243635,adidas
155.9621333,149.7641901,156.3134367,88.68875079,92.33782709,88.5254036,-0.066781502,0.009562603,-0.058410097,-1.72170661,-1.750220627,-1.720269643,adidas
242.1634845,213.9815649,213.0191526,27.44936997,76.60919468,77.87725752,-2.631904594,-1.532530624,-1.511695483,7.278259923,0.568340237,0.490434661,adidas
121.0296755,144.8036113,144.5824697,80.75720291,53.54151858,54.69134657,-0.217666865,-0.644909566,-0.342740817,-1.513286578,-0.163751292,-0.35928211,adidas
209.9253029,211.1347656,215.1566287,62.31896869,60.52217847,56.23140744,-1.289135029,-1.246659862,-1.462372952,0.346619486,0.1677644,1.10143943,adidas
125.9329959,125.1591398,124.7238321,90.0883321,90.17939271,90.13998889,-0.022277682,-0.008517812,-0.000647937,-1.698667153,-1.700051115,-1.695183344,adidas
120.1205756,85.35756138,75.92163584,95.34438499,60.58225797,58.5756807,0.2748399,0.552235022,0.981711676,-1.567772266,-0.680604514,0.023343468,adidas
112.7359495,113.0138911,115.7040617,95.31602731,95.62727248,94.78011406,0.427449983,0.438630399,0.44904917,-1.678760441,-1.676661829,-1.672030731,adidas
130.0292969,143.8868981,162.4843551,78.69114066,71.01341252,69.75090487,-0.167419082,-0.254836557,-0.570764476,-1.359770819,-1.189124633,-0.964538918,adidas
170.3816566,166.5402982,163.0043646,82.072436,77.78434948,73.12186186,-0.627987682,-0.467182199,-0.350996089,-1.148619142,-1.226344548,-1.211985546,adidas
194.0276228,193.0325056,194.3820751,73.92158968,75.74824168,76.9156954,-1.004676976,-0.982571884,-1.00514599,-0.437984984,-0.561990819,-0.595602705,adidas
159.9181481,156.8870576,157.4637077,90.45997056,92.2359399,92.2714932,-0.105751868,-0.05441937,-0.047848032,-1.812226601,-1.840354281,-1.857596768,adidas
165.279536,162.8767339,165.0972377,93.90532257,96.18975248,96.59072413,-0.303939197,-0.290199637,-0.370359196,-1.753654763,-1.773295948,-1.707090575,adidas
144.1342873,143.3993543,143.7959184,101.9801551,101.5078921,99.74864478,-0.024343675,-0.017901924,-0.003977312,-1.887692328,-1.882199554,-1.877730731,adidas
138.3056641,134.6086575,151.7408522,73.41361355,71.79058563,64.47057827,-0.153478765,0.006294029,-0.328561535,-1.477068565,-1.525345322,-1.296298478,adidas
160.5712492,154.318479,163.4500558,93.46233558,86.32357119,78.43363435,-0.310579164,-0.155721971,-0.464377518,-1.637943189,-1.699569398,-1.285755248,adidas
87.02104592,73.31909678,76.9540617,49.83330707,39.36127067,43.14612511,0.034747745,0.515083469,0.966889128,-0.366391442,0.37497834,0.808107725,adidas
177.8370735,119.4362245,148.3220265,62.81394541,97.75080676,80.33891047,-0.711176616,0.284179417,-0.023372047,-0.743317643,-1.767953928,-1.570419404,adidas
209.5865155,210.3976802,212.0074139,84.38473777,83.81646135,82.43952363,-1.675473335,-1.696812613,-1.728749181,1.074710224,1.137620861,1.229653462,adidas
209.3099091,205.1551738,204.5786432,72.67905445,77.20823275,78.76129931,-1.261001537,-1.130134458,-1.156311323,0.035189612,-0.373296407,-0.327947136,adidas
171.4978874,129.2296118,118.9291494,67.93545026,67.70855084,69.48848205,-0.800942429,-0.36351174,0.013197093,-0.695402021,-1.394904927,-1.501570987,adidas
125.0588728,106.5179369,88.87890625,76.57569416,73.30264701,71.85228127,-0.29545266,-0.107253198,0.134880951,-1.4444097,-1.483204416,-1.42699336,adidas
219.0293168,221.4958745,226.1572465,72.98782675,67.96449379,58.41402032,-1.77428326,-1.775847252,-1.788554798,1.371189227,1.395087096,1.515084769,adidas
156.3275271,154.0468351,157.3622848,81.05739822,83.84465623,82.03536814,-0.275075644,-0.292159525,-0.346526766,-1.295026477,-1.309527862,-1.23760061,adidas
203.9823422,201.4438576,201.040896,73.50081296,75.73360864,76.06463649,-1.744030932,-1.628065734,-1.612083228,1.243535436,0.829310029,0.774122487,adidas
174.5410953,173.8828524,174.1133809,97.14974241,97.91582201,97.77111173,-0.568143018,-0.564367622,-0.569075581,-1.47552412,-1.487851576,-1.48555664,adidas
214.2345145,214.4122887,216.7203045,79.84578461,79.05015381,75.01858597,-1.636264346,-1.633242111,-1.666755288,0.861150412,0.867877434,1.040844376,adidas
204.1683076,205.4216358,209.41761,70.52563949,65.18613549,57.87454224,-1.835385973,-1.795981623,-2.059700484,1.69853797,1.664826972,2.866980072,adidas
148.2298111,144.7426658,142.432956,96.55033907,98.91885905,100.9266572,-0.034521089,-0.005146862,-0.005837878,-1.806469217,-1.822770727,-1.825856782,adidas
181.5330038,183.0766103,189.2028659,89.05398806,89.46841637,88.6617827,-0.78742171,-0.811252306,-0.862358703,-1.19424533,-1.179973887,-1.144839742,adidas
149.3006417,149.1034957,157.2573541,97.67815661,98.06840724,92.96197506,-0.151785851,-0.155438572,-0.219071013,-1.725432985,-1.725432452,-1.70654007,adidas
171.4266781,173.0244141,172.4771006,104.3640753,102.9732372,103.79797,-0.592624709,-0.613480058,-0.611026775,-1.534359372,-1.499818391,-1.509171833,adidas
212.0877312,219.2489836,224.0852599,87.72907103,73.83568052,62.36036558,-1.774009801,-1.796934989,-1.803021305,1.263779549,1.380333727,1.568234576,adidas
202.9065489,203.6822385,203.6794683,90.08141832,89.27787149,89.55426465,-1.346211267,-1.366154765,-1.362216984,-0.048890058,0.012721813,-0.006978696,adidas
156.9296277,152.3742028,149.0009168,102.1619445,104.1310962,106.4269555,-0.293247923,-0.181785944,-0.127910011,-1.708727447,-1.815279183,-1.879874908,adidas
216.5950454,218.2676379,219.5420121,68.75009983,67.90675214,66.81389831,-1.80885426,-1.891560268,-1.957659023,1.95143834,2.231362038,2.509586418,adidas
201.035515,198.266761,196.4666175,90.33998755,93.30948849,95.54777733,-1.186071307,-1.10456848,-1.072134906,-0.437208702,-0.674838102,-0.776516242,adidas
152.0793607,152.6128627,156.6500319,99.18428646,99.5945062,99.42769735,-0.250295195,-0.268027502,-0.33740821,-1.684137119,-1.687052752,-1.686905691,adidas
220.2830238,217.4121094,216.9866669,76.24127137,78.74073333,79.57194554,-1.892795877,-1.75576521,-1.7381952,1.735470077,1.243510218,1.157128437,adidas
125.7913544,126.0793806,132.4314413,62.08746195,51.73678431,44.36765761,-0.333207636,-0.056477947,0.15547035,-0.602384064,-0.848295958,-0.547249235,adidas
198.3526586,197.9321987,197.4917092,74.65697688,75.36539173,76.09604818,-1.555854174,-1.552845891,-1.55013724,0.700658782,0.6874311,0.678901215,adidas
72.43335459,76.97644292,59.83731266,52.51409727,61.33798998,61.76330089,0.757821224,0.814602196,1.409994122,0.285297184,-0.171969433,1.018259276,adidas
211.8311743,221.7222377,229.5347377,86.69782932,65.18631617,50.05952043,-1.738718223,-1.690638554,-1.865020743,1.209924901,1.174900242,2.339881134,adidas
183.0373343,208.6761376,200.929761,52.24934259,62.30047588,54.7874496,-1.683199011,-1.60647993,-1.798161176,2.470332849,1.634032254,2.379091052,adidas
70.7080676,99.10722258,114.3962452,80.80556847,72.46355704,66.35169831,0.946383739,0.776990514,0.909774399,-0.441464522,-0.689132319,-0.586493916,adidas
128.4421237,74.50023916,77.75027902,40.76879622,37.07547492,27.68206091,-0.641719122,0.467229028,1.112771061,0.062483762,-0.535072629,2.879866392,adidas
8.356126435,8.905672034,10.16495934,24.21122924,27.20512805,28.44748985,3.971986576,4.578596569,3.832638643,18.41141471,25.10900817,17.08173604,adidas
145.6039939,124.4653819,106.1776746,63.86314916,59.53028296,57.22172728,-0.834681013,-0.395736071,0.277639576,-0.415667573,-0.601789588,-0.294555734,adidas
219.4266582,212.5917969,218.2046197,40.16296624,49.41239768,61.66513868,-2.336378809,-1.731070929,-1.871431415,5.946181785,1.507357638,1.87599196,adidas
106.6114078,106.4333945,113.6774952,65.46615543,58.98797422,57.76001189,0.428798819,0.584452835,0.684389332,-0.524838651,-0.236934096,-0.081727421,adidas
223.5101842,202.8683036,209.1327527,41.01243599,73.0630357,65.07055793,-0.96190601,-1.087424648,-1.116528208,-0.439642286,-0.500176403,-0.431450047,adidas
226.6501714,227.5138712,229.7168567,31.87625625,32.07976085,31.43540738,-3.834534684,-3.824333683,-3.928844324,14.69917118,14.60524694,15.56348492,adidas
228.5152663,219.7348533,222.5063776,23.66285044,50.93468451,48.95120166,-4.296730087,-2.997737251,-2.986566896,23.14241875,7.463583244,7.413054212,adidas
229.3855429,230.9353675,233.5705716,32.05527523,29.59573202,30.23959849,-5.012789203,-5.238126038,-5.159839289,24.27819476,27.54268703,26.72721418,adidas
195.8119619,189.8082549,190.5604871,91.84843592,94.34745005,92.73943372,-1.093271586,-0.934968965,-0.903510013,-0.67214106,-0.967390362,-1.037192767,adidas
131.8628627,137.4703245,142.2078484,101.8366963,92.63721184,85.03074588,-0.278269464,-0.257535618,-0.246633689,-1.814862521,-1.808563632,-1.795329332,adidas
192.0473334,166.351423,164.3407605,89.59644486,88.62769787,86.38362953,-1.073597862,-0.450085783,-0.362142446,-0.64574759,-1.408783402,-1.497235432,adidas
33.92733578,35.26514668,34.96837133,63.15502372,64.06691599,63.32327463,1.855267855,1.770546405,1.763490688,2.212725229,1.879884656,1.864353808,adidas
181.3672473,181.5249123,183.8538345,85.32224025,86.24129061,85.50286939,-1.041439516,-1.023834815,-1.012872483,-0.809991781,-0.849833996,-0.876819377,adidas
132.8545918,130.4070472,129.5799785,104.2376608,106.123992,106.8110945,0.264442641,0.269150064,0.264658182,-1.858567747,-1.859814139,-1.857680731,adidas
149.9856704,146.657665,143.1840721,66.94013057,68.63133496,72.11975186,-0.265376454,-0.26166174,-0.157738602,-1.105690679,-1.129502144,-1.230388364,adidas
230.0932916,231.6260563,233.9160356,24.64603139,21.94851109,20.11878056,-5.112963681,-4.951330072,-4.937915674,29.0605867,28.22016282,30.11298631,adidas
154.6966877,148.5748166,128.8163265,80.91348125,83.34814054,96.77883283,-0.619632165,-0.436960369,-0.128705257,-1.219073136,-1.48428335,-1.803489481,adidas
227.1228874,227.9015466,229.8428133,36.34402892,36.5969998,36.71883257,-4.570539945,-4.558997824,-4.558081402,20.24466869,20.15378758,20.17493119,adidas
234.8964445,234.7521724,234.6203563,8.629148946,11.33523661,18.41942925,-8.970743688,-6.570043937,-4.901409986,113.3776977,59.45232461,26.40551683,adidas
230.65908,231.2408921,232.9285515,18.35371628,19.8343614,20.06598989,-4.894246496,-5.095246464,-4.968088748,30.57070703,32.87252745,31.35733685,adidas
187.7910356,188.7466518,190.8322903,90.47467388,89.17237622,86.2942643,-0.703168115,-0.708358339,-0.71644055,-1.348672259,-1.324863785,-1.2872183,adidas
230.5794802,228.4993622,231.318738,18.81791115,31.05718577,29.9912779,-5.504207002,-4.765481286,-4.835694507,38.50560871,22.94130867,23.37202925,adidas
108.6827766,149.3494499,165.9299067,65.26297797,57.60939965,60.64618267,0.353246883,-0.983779618,-1.252442235,-0.494606641,0.404906871,0.617777138,adidas
127.7649474,124.1890346,118.6124442,63.71498322,63.97481618,67.0232243,0.052020906,0.092554639,0.099350335,-0.985854495,-0.895649737,-1.096614266,adidas
218.8547313,220.1758012,224.0214246,50.94058346,49.76064926,44.02406776,-2.886178122,-2.878541998,-2.871636713,6.61026514,6.579516914,6.623573061,adidas
219.3572026,220.989497,224.6180046,49.11727997,46.9000115,42.28465554,-2.810899291,-2.781860393,-2.798995182,6.168887016,6.015645474,6.227171381,adidas
232.8367746,233.0123764,235.4329959,14.8761329,17.58878677,15.53531964,-7.236952157,-6.431617328,-6.866847735,63.98024921,48.60867643,58.33204794,adidas
224.5221421,225.5671636,228.0248326,34.77395671,35.00190116,34.82528626,-3.499958233,-3.511740008,-3.554212491,12.19192815,12.22276547,12.54582228,adidas
75.70376276,56.42350925,47.51241629,44.78151563,36.86408262,30.8532035,2.004533442,1.70797996,1.719799431,4.961322983,5.156344089,5.75355633,adidas
148.8527583,153.5765306,145.3436504,43.54077343,44.10939395,47.35323001,-0.460304861,-0.467446221,-0.34109935,0.872258371,0.864998424,0.243450571,adidas
78.51662149,78.9863082,82.16762994,68.80045316,64.17083914,64.17505932,1.369878932,1.349800748,1.202037919,0.936396116,1.431101948,1.093219868,adidas
219.8703763,218.444037,216.2347138,66.55513321,68.63298292,69.85165911,-1.907775958,-1.884517045,-1.811942115,1.950174916,1.86067624,1.647441673,adidas
197.0459184,196.5553452,198.0581154,73.03720394,75.3884348,76.20125451,-1.458896488,-1.421795679,-1.417582133,0.325740224,0.169902652,0.151714047,adidas
125.9383371,135.7262835,163.9719388,93.64442431,87.74567742,72.32808618,0.200000955,0.11229644,-0.320103646,-1.797347223,-1.731646976,-1.346433266,adidas
112.0398996,115.5072146,117.4797911,33.40748048,37.37194745,44.33087269,0.68530401,0.902609233,0.954809235,2.852291434,1.251987618,0.933520227,adidas
215.479532,216.0125957,218.046297,49.28132117,50.19810405,50.0590801,-2.482781758,-2.44236149,-2.430261435,5.457406575,5.173955302,5.076814792,adidas
226.4936424,220.760503,176.2775032,45.06831549,43.21569991,53.10050757,-2.332484443,-2.497123087,-0.996251931,6.220414592,7.230214013,-0.285475333,adidas
207.6460658,204.6518455,204.4142219,29.01436912,30.91995453,33.44108995,-2.122266655,-1.974984075,-1.847165289,5.388454343,4.875587801,4.315305782,adidas
227.9688696,224.8351602,226.9239477,21.63806237,31.1134176,30.94608782,-3.349066138,-2.660763769,-2.671709731,13.74098327,6.559757818,6.624965535,adidas
99.89682318,104.5171795,111.8498485,56.23501304,55.06566718,53.42972568,1.236653543,1.369334234,1.525797765,1.443301693,1.544564958,1.628935036,adidas
194.8025151,193.9506736,193.932657,83.18184603,84.48663544,84.61883741,-1.162197042,-1.159114592,-1.161063421,-0.500271098,-0.509747965,-0.503523034,adidas
132.5629584,126.2289342,123.5513194,85.27113507,87.42817014,88.08825152,0.270093182,0.412609923,0.475828987,-1.471659855,-1.485843003,-1.487201107,adidas
124.8127989,110.5087691,100.3996732,53.31601887,58.3315103,66.06973679,-0.051874971,0.447755989,0.616347675,-0.871171553,-0.959050903,-0.964653361,adidas
153.4037787,146.0593112,124.942323,74.79657567,70.42749376,77.67935615,-0.335769919,-0.25705827,0.209219912,-1.092232178,-0.909135812,-1.311455418,adidas
152.7175143,100.4273756,85.92416693,79.35054662,62.98389231,58.24682045,-0.415352888,0.21912284,0.594400453,-1.21325747,-0.877806546,-0.350930761,adidas
206.9455317,213.3113042,202.4055724,59.9059175,59.59243575,65.55772709,-2.045867939,-2.289045791,-1.506130977,2.775221273,3.574174947,0.773861322,adidas
219.4820631,220.3784479,222.9965521,47.44745807,47.82204634,46.82544158,-2.86263479,-2.855264977,-2.913760698,6.983873928,6.920842461,7.333601424,adidas
227.2521126,228.3940928,231.5843033,29.07821702,29.08731495,28.31194861,-4.528578721,-4.573057936,-4.803291449,23.00374325,23.37838342,25.71416122,adidas
149.5235172,172.6584024,188.8472577,43.13809978,29.28157603,28.25640271,0.530035085,0.2108066,-1.093963235,-1.035579485,0.107142589,1.315852517,adidas
178.4222935,173.1218511,171.7654456,87.66094494,90.28858642,90.57950834,-0.765561729,-0.648536918,-0.597297852,-1.099219702,-1.266117929,-1.351650242,adidas
135.9816048,152.811643,152.2491629,50.66090509,52.4656648,62.76844375,-0.185874546,-0.544621576,-0.425093707,0.159396108,-0.499965592,-0.924867861,adidas
125.1070831,125.3241191,122.9344308,91.60243061,91.46783409,92.81716454,0.585440185,0.584122103,0.596926429,-1.464849546,-1.46412655,-1.464231472,adidas
192.5825694,175.2821468,161.7598653,83.39176495,87.1009867,98.96785938,-0.9473272,-0.529942822,-0.381555577,-0.802489093,-1.32435296,-1.585609828,adidas
77.51223693,95.71821189,151.4781967,58.02007627,65.38575815,77.67929368,0.00998571,0.012847314,-0.391913898,-1.52740306,-1.546334873,-1.294241725,adidas
133.3708546,146.8625638,161.6657167,66.54396916,57.89580151,49.93923445,-0.780358144,-0.514181366,-0.618077037,-0.499912618,-0.885185774,-0.215766698,adidas
142.4866869,161.6488959,192.0762915,65.57448935,48.54753006,45.91470913,-1.371448913,-0.99613379,-0.874491131,0.352820532,-0.201231885,0.713718589,adidas
178.8203723,196.8623246,196.7577129,76.51360215,81.12561306,80.86092202,-0.856283777,-1.282019387,-1.277372787,-0.772953101,-0.154924343,-0.154503749,adidas
215.5118195,182.2988116,78.11593688,45.94973168,43.15100326,37.53221306,-2.380526607,-2.173954791,2.24950646,4.930710192,3.956460551,5.396344223,adidas
227.4975486,226.1726722,227.5314294,31.62707821,37.92776168,39.19367985,-4.525442128,-3.976531514,-3.816675106,20.53187423,14.97658591,13.60922211,adidas
226.8443878,229.24432,234.5941486,36.18614873,30.97024649,19.055141,-4.195518329,-4.161547093,-4.574798803,16.84340714,16.60043088,23.30753908,adidas
213.6876794,214.9230309,218.5739796,56.05478289,55.34398222,51.09326288,-2.402370511,-2.393558743,-2.394601575,4.27251458,4.245212027,4.367090237,adidas
231.6273318,232.6148756,234.6653779,21.56085216,21.631582,21.75746105,-6.730800216,-6.746980288,-6.816870854,50.30233796,50.50716278,51.51434498,adidas
230.8183195,231.7044204,233.7337372,25.36518508,25.48378573,25.60970437,-5.980300259,-5.968889089,-5.998157127,36.67910512,36.54857203,36.86844218,adidas
225.55967,226.4992227,229.2383809,36.4503872,36.69789816,36.39182422,-3.996466765,-3.995963271,-4.036090194,15.34414588,15.32904605,15.59261448,adidas
227.5372688,228.7101204,231.4265187,29.48981386,29.47284734,29.05820652,-4.916578871,-4.979003914,-5.171374139,25.375429,25.91131036,27.57948436,adidas
212.0057199,212.8863999,214.9374203,61.61001083,61.93756926,61.76754989,-2.295952173,-2.296645638,-2.294975183,3.453116179,3.455015271,3.448400533,adidas
219.7134088,220.8964047,224.3583785,40.61514912,40.64894249,40.26286635,-3.367318217,-3.381638551,-3.501728879,10.93998566,11.00464939,11.67951023,adidas
225.3088528,226.0864557,225.711934,34.66199901,35.003083,37.72105718,-4.018193412,-3.979277657,-3.513659755,16.54405654,16.23135813,12.73059463,adidas
134.0429825,130.7638012,125.4396374,60.06041082,57.57194665,57.09890521,-0.36315471,-0.211190261,-0.178004721,-1.064482372,-1.06164991,-1.065919271,adidas
107.9983658,111.2569555,117.7298908,65.56805138,70.39693514,79.96508852,0.307679137,0.25601206,0.248051332,-1.407402324,-1.498415712,-1.557810827,adidas
133.9097975,137.2212412,120.6925024,59.4202016,59.24376659,54.36178781,-0.223571378,-0.334128569,-0.145000244,-0.956896798,-0.90107656,-0.916627714,adidas
154.7502591,155.4556162,157.983797,61.67248403,59.18789921,57.9128001,-0.773326643,-0.717495883,-0.740238159,-0.416552291,-0.489884829,-0.435659747,adidas
108.2624761,126.5257693,154.2123924,58.66873437,65.17864859,76.43017244,-0.309662477,-0.196851858,-0.131247569,-1.204709754,-1.31640241,-1.474941787,adidas
148.7692921,148.5535515,141.8834702,68.18775009,69.26780709,71.52038458,-0.906686816,-0.768983992,-0.484311541,-0.367585388,-0.605135893,-0.980258791,adidas
152.1968471,164.9681521,158.023298,69.09746361,66.01608763,80.93781442,-0.716098547,-1.069216586,-0.633734323,-0.59623016,0.138072544,-1.096395397,adidas
122.2523318,116.8880341,113.2844587,94.56348005,85.37101755,79.48077163,-0.154830342,-0.169780339,-0.184809172,-1.679669502,-1.606608121,-1.48889804,adidas
155.3096899,167.5950056,148.3025749,57.22144128,61.1291699,60.46383815,-0.625367726,-0.721613465,-0.619443324,-0.5065106,-0.273561663,-0.465457053,adidas
94.5497449,102.4296078,92.85337612,71.68253232,64.48454238,60.09749173,0.873258299,0.781679182,0.848978299,-0.376496958,-0.438551245,-0.195335075,adidas
232.4721979,233.3249761,235.3773119,16.44852196,16.56913309,16.69377768,-8.190650688,-8.067124435,-8.168262219,79.15508189,77.34999423,78.91171194,adidas
228.2591571,227.3807276,230.3944366,47.81597554,48.59934368,47.16678078,-2.873711651,-2.822037757,-3.105685593,8.369974042,8.102609664,9.607018302,adidas
113.0875917,108.2845783,104.1330716,79.9715239,80.60431424,77.1948734,0.243340774,0.258329349,0.280864323,-1.402391022,-1.409947236,-1.386910992,adidas
180.7016701,176.1291653,172.1644013,72.26794006,76.27261132,80.31120746,-0.166253914,-0.14426247,-0.164436178,-1.583498845,-1.607334103,-1.593339362,adidas
129.7371851,131.6394093,132.1251395,51.53852861,57.86285466,59.55527534,0.204034828,-0.029043944,-0.058875573,-0.383486222,-0.862923835,-0.919511832,adidas
120.6974051,130.8120217,144.1489158,91.83719728,74.51717902,68.70847559,-0.020853713,0.017326734,-0.40998005,-1.587440803,-1.459032791,-1.215819446,adidas
102.8370137,102.8837093,95.25564015,74.31671972,71.26849032,68.4064095,0.475356748,0.49540051,0.508683905,-1.217625535,-1.189151309,-1.172349771,adidas
207.956832,209.8513233,211.145747,66.30862384,63.18906612,62.65547803,-2.108315972,-2.142637587,-2.08087937,2.754346444,3.010953149,2.787530804,adidas
229.5836655,229.6371572,232.3579401,22.29959324,25.24942936,25.04505164,-5.406742656,-4.893995301,-5.091788007,35.67867039,27.18389279,28.91563043,adidas
229.5031888,230.5768495,233.2462333,23.2022202,23.1610962,22.81947527,-5.485223627,-5.517063287,-5.740916306,34.3096828,34.64571763,36.80658894,adidas
224.9864078,225.9655214,228.4082828,37.53472954,37.46312078,36.31334738,-3.892177149,-3.875560136,-3.850893818,14.44861281,14.30304267,14.10229552,adidas
206.6044523,207.4048948,209.5191327,68.39023834,68.84260231,68.50709984,-1.946173124,-1.946529827,-1.943601809,1.880407936,1.881387724,1.86844062,adidas
107.6844621,111.8656425,115.3990288,89.63001937,90.80160393,91.12500488,0.212727256,0.148382802,0.123444454,-1.508897263,-1.548074863,-1.52759604,adidas
54.67151626,61.3378707,14.00175383,62.69612467,70.35925388,21.36718227,0.86539717,0.913127374,2.992232491,-0.900934033,-0.790670726,12.10527963,adidas
201.388353,202.2201849,204.2547832,74.59919805,74.99751928,74.72297489,-1.782118312,-1.782967742,-1.776263099,1.294128791,1.295678575,1.268787805,adidas
209.1923031,208.4278938,208.3715521,64.3517449,67.0352459,70.71245913,-2.194442477,-2.061621415,-1.965163138,3.183429553,2.526418149,2.019756417,adidas
224.9887994,223.9499362,226.4001116,34.17403503,37.6098959,38.02836148,-3.709318393,-3.364508121,-3.429242,13.81235635,10.96616323,11.21279355,adidas
219.6923629,220.6672114,222.740055,51.72748445,51.88102626,51.73845491,-2.957316646,-2.957693778,-2.95761167,6.963295033,6.962206407,6.960081357,adidas
232.1079401,232.6702009,234.6703803,14.47974909,16.3689405,17.61028106,-5.286085682,-5.646259302,-6.082880923,34.63219094,38.94530145,44.08635496,adidas
228.9325973,229.9160555,231.868184,27.63867374,27.67831308,27.75734261,-5.266975689,-5.282160816,-5.241080638,30.48131335,30.65426728,30.1455569,adidas
155.4536631,139.4253827,130.9426618,49.60244378,44.47490878,43.94628164,-0.443192275,-0.583807409,-0.252003174,0.548995651,0.83387421,0.763033029,adidas
135.3714724,133.4366629,129.0283801,69.61337447,68.61120334,69.17598626,-0.513567859,-0.506711515,-0.326413131,-1.362481498,-1.342753446,-1.474798583,adidas
181.4143814,173.5258889,158.0644731,73.79069298,77.3206386,91.34743632,-0.86253345,-0.567312908,-0.418720957,-0.438344761,-1.062410575,-1.434266469,adidas
167.9853313,167.8523028,171.3142047,97.41154112,97.32328729,94.11718536,-0.378190668,-0.375296974,-0.388719506,-1.75222504,-1.7533567,-1.734367268,adidas
212.4604592,200.7091438,201.0393814,47.18767856,71.53976045,73.05287114,-2.151993086,-1.814343669,-1.676404467,3.935271026,1.687562439,1.092802147,adidas
232.3850446,233.2315051,236.0154058,13.5764668,14.48529038,12.53069183,-5.296537031,-5.56145934,-5.971162478,34.52397017,37.53701999,44.59262348,adidas
167.7821269,167.7275391,167.8545121,106.2162253,106.2691028,106.1285987,-0.443385444,-0.44318634,-0.444093369,-1.760112133,-1.760209874,-1.758787328,adidas
129.9210977,118.7540458,110.9648039,56.82779295,60.13622127,62.94469062,-0.414915714,-0.065280564,0.119344311,-0.4711441,-0.90907588,-0.879886075,adidas
107.0137117,102.4321389,99.42649872,87.21320512,87.0713005,86.623919,0.547036389,0.6227777,0.69642233,-1.154089222,-1.050344411,-0.947950153,adidas
100.7403739,80.0329839,79.41394292,66.94806632,56.89732343,55.98880834,0.484575664,0.937510511,0.900144609,-0.764478224,0.100506118,0.086651489,adidas
231.2992267,232.4447146,235.7410316,13.98119168,13.78831674,12.2146112,-4.716756446,-4.800413566,-5.956664764,30.84364462,31.92842406,48.41041806,adidas
227.1425183,228.2332789,230.9426618,31.223737,31.33030195,30.94662629,-4.801592599,-4.833538925,-4.981016446,24.08809922,24.35707587,25.57534078,adidas
205.5917769,206.3174426,208.9954759,72.62077892,72.98832888,75.07402995,-2.104036975,-2.100675647,-2.094417105,2.588003278,2.575176569,2.554750288,adidas
231.3209303,232.4461097,235.7396963,14.06804104,13.87618373,12.31097283,-4.771899881,-4.859964618,-6.008003036,31.56523305,32.78930752,49.17342405,adidas
94.51029419,78.98679545,74.20568075,67.8461661,57.10643902,49.04347776,0.680383607,0.899761693,0.956740961,-0.378063815,0.232060954,0.347085688,adidas
226.4593033,227.0193519,229.2218591,29.40809337,30.32222066,29.88599734,-3.376924235,-3.304647282,-3.342120173,11.98866594,11.20272977,11.60424033,adidas
198.2827647,197.4900949,199.1010045,88.25186042,89.41317454,87.79885916,-1.095230915,-1.093916305,-1.107078247,-0.682625145,-0.686267865,-0.667839464,adidas
227.8059431,228.7969946,229.6602958,30.68997671,30.78257896,31.96026285,-4.622500888,-4.632227802,-4.382705227,21.70190459,21.78391877,19.70121537,adidas
243.6178452,243.8255341,244.2190091,35.46823198,35.3067272,35.23694404,-4.673477515,-4.711062959,-4.815073986,22.77853699,23.06260169,23.84154069,adidas
112.4979273,104.0623605,98.84950973,62.89977149,65.22841689,66.07630059,0.17488167,0.292403183,0.518909747,-0.932548187,-0.872706522,-0.625469272,adidas
115.4853914,110.517319,121.323581,59.31430963,55.42917422,66.88055932,0.457487392,0.560084585,0.540581856,-1.209839897,-0.996381944,-1.127834791,adidas
228.9376594,230.0752152,232.7084064,25.81924072,24.51965845,24.12223515,-5.198834437,-5.060197227,-5.26248486,29.42396123,28.29623807,30.15064387,adidas
143.3639987,142.3308554,135.4581473,55.39146328,54.4950013,56.41859232,-0.27857101,-0.221917014,-0.284160711,-0.92482268,-0.946207312,-0.897319418,adidas
212.8998326,213.7065729,215.525012,61.65203116,61.95184186,62.24550459,-2.460556505,-2.458475248,-2.45691223,4.230615263,4.222218743,4.216894437,adidas
138.7234534,135.3517817,130.7831433,54.26836516,53.1996766,56.11441947,-0.394659042,-0.023239172,0.169287126,0.24707363,-0.025100396,-0.184421885,adidas
239.8561663,235.218172,222.1260563,27.54011849,32.8149582,40.24974492,-3.122272516,-2.78042487,-2.359912618,10.93712308,8.427969565,6.529518616,adidas
217.9765824,200.9340721,198.195731,40.97818839,50.80363967,53.18158277,-2.50034616,-1.621015649,-1.468807164,6.96198176,2.532646982,1.888022693,adidas
230.7535475,232.1327527,233.6760603,17.11469877,15.98652096,16.97098357,-5.148203347,-5.196686539,-5.141636729,36.08255701,36.4864568,35.52520057,adidas
87.40848214,127.563357,134.6090761,72.89988895,74.21850209,78.25664024,0.520974987,-0.340192356,-0.553072129,-1.26344559,-1.337185894,-1.307689138,adidas
110.6931999,93.58828922,89.13036113,79.08854802,76.22942346,69.36627345,0.492684686,0.819890038,0.803808227,-1.296922838,-0.872164481,-0.871926644,adidas
81.14018654,56.60449219,49.04239078,61.30589064,65.6274605,67.34881217,0.918010613,1.51132205,1.582101776,0.12956673,0.982353206,1.134409168,adidas
95.71217315,96.82089047,96.93869579,72.94753496,72.01114343,67.06415729,0.508268695,0.430147397,0.477034763,-0.790452342,-0.955015579,-0.836744997,adidas
148.7334981,145.8282047,144.4960539,66.95044832,64.06799334,62.60915328,-0.58855711,-0.567526302,-0.441911971,-0.778024847,-0.784247763,-0.86614619,adidas
224.7212612,223.3297592,225.7671197,37.34976164,40.37637317,40.0283675,-3.866383964,-3.391792974,-3.486791859,14.57850563,11.02078148,11.66924464,adidas
223.8937341,224.560806,225.437221,27.08805756,27.74967267,30.00630456,-2.256165129,-2.23453264,-2.241381441,4.870562116,4.730408839,4.894804054,adidas
41.2509367,43.67442602,43.48698581,45.09654146,46.04683241,46.87494632,2.396475526,2.340425119,2.330689008,4.9600928,4.656635024,4.574494604,adidas
222.9268375,222.8318519,221.8719507,37.21508538,37.53414271,37.15863447,-3.548622402,-3.551087384,-3.515796462,13.36524784,13.35610117,13.19146208,adidas
71.95840641,77.85170201,71.60825893,52.59964581,57.24913065,50.99352707,0.653904388,0.542620814,0.767634773,-0.678016473,-0.997206718,-0.362624869,adidas
130.1223892,111.2482661,116.1719547,76.02562145,88.47672342,84.12306567,-0.116425591,0.081191427,0.164736843,-0.904173609,-1.345994532,-1.270587847,adidas
227.746871,228.8896285,231.5872728,28.63554678,28.62733396,28.18908509,-4.894995535,-4.921894404,-5.073970817,25.8195006,26.05615052,27.41689696,adidas
144.3661511,135.1002471,135.7354512,61.14147558,57.25662742,57.53213983,0.374230976,0.491730162,0.484322605,-1.353084641,-1.11359218,-1.145387796,adidas
118.6123445,117.8942522,140.6334503,61.72496444,63.55940473,65.72372955,-0.032223968,-0.040269717,-0.263382646,-1.246026486,-1.248726541,-1.019069899,adidas
131.5886081,131.6590601,136.237225,61.27355793,59.45411964,60.70130365,-0.566359762,-0.465403085,-0.210863611,-0.875925683,-0.884881856,-0.953918766,adidas
234.2066127,234.9447744,237.4282326,7.777379024,8.03686248,7.678111445,-6.778508832,-6.491833267,-7.120708657,64.11026089,59.14072437,71.04365524,adidas
213.0283801,213.9538026,216.1333107,60.56178583,60.8055749,60.50982532,-2.443771331,-2.444233706,-2.445308403,4.177300693,4.176845003,4.175622994,adidas
132.316466,128.6367586,125.0038066,106.5736768,102.8789953,105.5094639,0.165358827,0.29357844,0.301070841,-1.854889143,-1.759095748,-1.757675211,adidas
128.555106,130.7050781,140.9146803,79.85742457,75.25776757,72.41325021,-0.001484002,-0.234617438,-0.722524051,-1.26142272,-0.944685306,-0.487625614,adidas
